{
  "base_seed": 2027,
  "noise_ratios": [
    0.5,
    1.0,
    2.0,
    5.0,
    10.0
  ],
  "sources": {
    "ba": {
      "mean_auc": 0.5044543224451553,
      "mean_ekr": 0.9461716890335083,
      "ratios": [
        {
          "accepted_events": 6177424,
          "auc": 0.504660028755482,
          "compression_ratio": 1.0129230242249845,
          "ekr": 0.9872418642044067,
          "ratio": 0.5,
          "roc_points": {
            "fpr": [
              0.0,
              0.9810284889097926,
              1.0
            ],
            "tpr": [
              0.0,
              0.9903485464207565,
              1.0
            ]
          },
          "tpr_at_fpr": {
            "0.01": 0.0,
            "0.05": 0.0,
            "0.1": 0.0
          }
        },
        {
          "accepted_events": 8171359,
          "auc": 0.5045893607473194,
          "compression_ratio": 1.0210042172911507,
          "ekr": 0.9794278740882874,
          "ratio": 1.0,
          "roc_points": {
            "fpr": [
              0.0,
              0.9748385231581188,
              1.0
            ],
            "tpr": [
              0.0,
              0.9840172446527576,
              1.0
            ]
          },
          "tpr_at_fpr": {
            "0.01": 0.0,
            "0.05": 0.0,
            "0.1": 0.0
          }
        },
        {
          "accepted_events": 12082889,
          "auc": 0.5045744979738683,
          "compression_ratio": 1.035719851436192,
          "ekr": 0.9655120372772217,
          "ratio": 2.0,
          "roc_points": {
            "fpr": [
              0.0,
              0.9624623875942827,
              1.0
            ],
            "tpr": [
              0.0,
              0.9716113835420195,
              1.0
            ]
          },
          "tpr_at_fpr": {
            "0.01": 0.0,
            "0.05": 0.0,
            "0.1": 0.0
          }
        },
        {
          "accepted_events": 23227859,
          "auc": 0.504321207547604,
          "compression_ratio": 1.0775412404561264,
          "ekr": 0.92803955078125,
          "ratio": 5.0,
          "roc_points": {
            "fpr": [
              0.0,
              0.9265983234791547,
              1.0
            ],
            "tpr": [
              0.0,
              0.9352407385743627,
              1.0
            ]
          },
          "tpr_at_fpr": {
            "0.01": 0.0,
            "0.05": 0.0,
            "0.1": 0.0
          }
        },
        {
          "accepted_events": 39950419,
          "auc": 0.5041265172015028,
          "compression_ratio": 1.1485850999460105,
          "ekr": 0.8706371188163757,
          "ratio": 10.0,
          "roc_points": {
            "fpr": [
              0.0,
              0.8698861271831496,
              1.0
            ],
            "tpr": [
              0.0,
              0.8781391615861552,
              1.0
            ]
          },
          "tpr_at_fpr": {
            "0.01": 0.0,
            "0.05": 0.0,
            "0.1": 0.0
          }
        }
      ]
    },
    "mixed": {
      "mean_auc": 0.5754098711481357,
      "mean_ekr": 0.8583633065223694,
      "ratios": [
        {
          "accepted_events": 5873807,
          "auc": 0.5782157529911339,
          "compression_ratio": 1.0653673162907804,
          "ekr": 0.9386433959007263,
          "ratio": 0.5,
          "roc_points": {
            "fpr": [
              0.0,
              0.8343643619749351,
              1.0
            ],
            "tpr": [
              0.0,
              0.9907958679572029,
              1.0
            ]
          },
          "tpr_at_fpr": {
            "0.01": 0.0,
            "0.05": 0.0,
            "0.1": 0.0
          }
        },
        {
          "accepted_events": 7569230,
          "auc": 0.5778347371631956,
          "compression_ratio": 1.102293892509542,
          "ekr": 0.9071990847587585,
          "ratio": 1.0,
          "roc_points": {
            "fpr": [
              0.0,
              0.8293692264178982,
              1.0
            ],
            "tpr": [
              0.0,
              0.9850387007442893,
              1.0
            ]
          },
          "tpr_at_fpr": {
            "0.01": 0.0,
            "0.05": 0.0,
            "0.1": 0.0
          }
        },
        {
          "accepted_events": 10900165,
          "auc": 0.5768758893790181,
          "compression_ratio": 1.148146656495567,
          "ekr": 0.8709688782691956,
          "ratio": 2.0,
          "roc_points": {
            "fpr": [
              0.0,
              0.819720328131195,
              1.0
            ],
            "tpr": [
              0.0,
              0.9734721068892311,
              1.0
            ]
          },
          "tpr_at_fpr": {
            "0.01": 0.0,
            "0.05": 0.0,
            "0.1": 0.0
          }
        },
        {
          "accepted_events": 20422824,
          "auc": 0.5742539206487564,
          "compression_ratio": 1.225574288844677,
          "ekr": 0.815944254398346,
          "ratio": 5.0,
          "roc_points": {
            "fpr": [
              0.0,
              0.7911934073672349,
              1.0
            ],
            "tpr": [
              0.0,
              0.9397012486647476,
              1.0
            ]
          },
          "tpr_at_fpr": {
            "0.01": 0.0,
            "0.05": 0.0,
            "0.1": 0.0
          }
        },
        {
          "accepted_events": 34831035,
          "auc": 0.569869055558574,
          "compression_ratio": 1.3174155175118971,
          "ekr": 0.7590609192848206,
          "ratio": 10.0,
          "roc_points": {
            "fpr": [
              0.0,
              0.7463586273191347,
              1.0
            ],
            "tpr": [
              0.0,
              0.8860967384362828,
              1.0
            ]
          },
          "tpr_at_fpr": {
            "0.01": 0.0,
            "0.05": 0.0,
            "0.1": 0.0
          }
        }
      ]
    },
    "shot": {
      "mean_auc": 0.7428981366885237,
      "mean_ekr": 0.6505468785762787,
      "ratios": [
        {
          "accepted_events": 5162513,
          "auc": 0.750272457227019,
          "compression_ratio": 1.212108521566919,
          "ekr": 0.8250086307525635,
          "ratio": 0.5,
          "roc_points": {
            "fpr": [
              0.0,
              0.49132706624545186,
              1.0
            ],
            "tpr": [
              0.0,
              0.99187198069949,
              1.0
            ]
          },
          "tpr_at_fpr": {
            "0.01": 0.0,
            "0.05": 0.0,
            "0.1": 0.0
          }
        },
        {
          "accepted_events": 6158177,
          "auc": 0.7490634806343961,
          "compression_ratio": 1.3548623237039144,
          "ekr": 0.7380823493003845,
          "ratio": 1.0,
          "roc_points": {
            "fpr": [
              0.0,
              0.48903352024671226,
              1.0
            ],
            "tpr": [
              0.0,
              0.9871604815155043,
              1.0
            ]
          },
          "tpr_at_fpr": {
            "0.01": 0.0,
            "0.05": 0.0,
            "0.1": 0.0
          }
        },
        {
          "accepted_events": 8119145,
          "auc": 0.7467185633163738,
          "compression_ratio": 1.5413554013384414,
          "ekr": 0.6487796306610107,
          "ratio": 2.0,
          "roc_points": {
            "fpr": [
              0.0,
              0.48430059623693755,
              1.0
            ],
            "tpr": [
              0.0,
              0.9777377228696851,
              1.0
            ]
          },
          "tpr_at_fpr": {
            "0.01": 0.0,
            "0.05": 0.0,
            "0.1": 0.0
          }
        },
        {
          "accepted_events": 13779665,
          "auc": 0.7397460193112995,