{
  "base_seed": 2027,
  "noise_ratios": [
    0.5,
    1.0,
    2.0,
    5.0,
    10.0
  ],
  "sources": {
    "ba": {
      "mean_auc": 0.4989724564603225,
      "mean_ekr": 0.8883715033531189,
      "ratios": [
        {
          "accepted_events": 393475,
          "auc": 0.49913059953557043,
          "compression_ratio": 1.0414867526526463,
          "ekr": 0.9601658582687378,
          "ratio": 0.5,
          "roc_points": {
            "fpr": [
              0.0,
              0.9613250366032211,
              1.0
            ],
            "tpr": [
              0.0,
              0.959586235674362,
              1.0
            ]
          },
          "tpr_at_fpr": {
            "0.01": 0.0,
            "0.05": 0.0,
            "0.1": 0.0
          }
        },
        {
          "accepted_events": 517956,
          "auc": 0.49900438874227215,
          "compression_ratio": 1.0549120002471253,
          "ekr": 0.9479463696479797,
          "ratio": 1.0,
          "roc_points": {
            "fpr": [
              0.0,
              0.9489419800218888,
              1.0
            ],
            "tpr": [
              0.0,
              0.9469507575064331,
              1.0
            ]
          },
          "tpr_at_fpr": {
            "0.01": 0.0,
            "0.05": 0.0,
            "0.1": 0.0
          }
        },
        {
          "accepted_events": 757621,
          "auc": 0.4989037295158474,
          "compression_ratio": 1.0818034346988799,
          "ekr": 0.9243823289871216,
          "ratio": 2.0,
          "roc_points": {
            "fpr": [
              0.0,
              0.925113195875534,
              1.0
            ],
            "tpr": [
              0.0,
              0.9229206549072287,
              1.0
            ]
          },
          "tpr_at_fpr": {
            "0.01": 0.0,
            "0.05": 0.0,
            "0.1": 0.0
          }
        },
        {
          "accepted_events": 1403527,
          "auc": 0.49865336256721293,
          "compression_ratio": 1.1679105567616441,
          "ekr": 0.8562299609184265,
          "ratio": 5.0,
          "roc_points": {
            "fpr": [
              0.0,
              0.8566788311816661,
              1.0
            ],
            "tpr": [
              0.0,
              0.853985556316092,
              1.0
            ]
          },
          "tpr_at_fpr": {
            "0.01": 0.0,
            "0.05": 0.0,
            "0.1": 0.0
          }
        },
        {
          "accepted_events": 2263307,
          "auc": 0.4991702019407098,
          "compression_ratio": 1.3277867297719663,
          "ekr": 0.7531329989433289,
          "ratio": 10.0,
          "roc_points": {
            "fpr": [
              0.0,
              0.7532838699995241,
              1.0
            ],
            "tpr": [
              0.0,
              0.7516242738809439,
              1.0
            ]
          },
          "tpr_at_fpr": {
            "0.01": 0.0,
            "0.05": 0.0,
            "0.1": 0.0
          }
        }
      ]
    },
    "mixed": {
      "mean_auc": 0.5661258780611911,
      "mean_ekr": 0.8119491696357727,
      "ratios": [
        {
          "accepted_events": 374438,
          "auc": 0.5707344689213554,
          "compression_ratio": 1.0945310037976914,
          "ekr": 0.9136333465576172,
          "ratio": 0.5,
          "roc_points": {
            "fpr": [
              0.0,
              0.8193288688842537,
              1.0
            ],
            "tpr": [
              0.0,
              0.9607978067269646,
              1.0
            ]
          },
          "tpr_at_fpr": {
            "0.01": 0.0,
            "0.05": 0.0,
            "0.1": 0.0
          }
        },
        {
          "accepted_events": 480857,
          "auc": 0.5700218135710324,
          "compression_ratio": 1.1363794225726151,
          "ekr": 0.8799877762794495,
          "ratio": 1.0,
          "roc_points": {
            "fpr": [
              0.0,
              0.8099708311831852,
              1.0
            ],
            "tpr": [
              0.0,
              0.9500144583252501,
              1.0
            ]
          },
          "tpr_at_fpr": {
            "0.01": 0.0,
            "0.05": 0.0,
            "0.1": 0.0
          }
        },
        {
          "accepted_events": 685828,
          "auc": 0.5685412850728904,
          "compression_ratio": 1.195105769959815,
          "ekr": 0.8367460370063782,
          "ratio": 2.0,
          "roc_points": {
            "fpr": [
              0.0,
              0.7910540628580004,
              1.0
            ],
            "tpr": [
              0.0,
              0.9281366330037811,
              1.0
            ]
          },
          "tpr_at_fpr": {
            "0.01": 0.0,
            "0.05": 0.0,
            "0.1": 0.0
          }
        },
        {
          "accepted_events": 1245434,
          "auc": 0.5643732700507479,
          "compression_ratio": 1.3162054352137489,
          "ekr": 0.7597598433494568,
          "ratio": 5.0,
          "roc_points": {
            "fpr": [
              0.0,
              0.7383027536367682,
              1.0
            ],
            "tpr": [
              0.0,
              0.867049293738264,
              1.0
            ]
          },
          "tpr_at_fpr": {
            "0.01": 0.0,
            "0.05": 0.0,
            "0.1": 0.0
          }
        },
        {
          "accepted_events": 2012356,
          "auc": 0.5569585526899291,
          "compression_ratio": 1.4933868560036097,
          "ekr": 0.6696188449859619,
          "ratio": 10.0,
          "roc_points": {
            "fpr": [
              0.0,
              0.6592628842979956,
              1.0
            ],
            "tpr": [
              0.0,
              0.7731799896778538,
              1.0
            ]
          },
          "tpr_at_fpr": {
            "0.01": 0.0,
            "0.05": 0.0,
            "0.1": 0.0
          }
        }
      ]
    },
    "shot": {
      "mean_auc": 0.7287079553403695,
      "mean_ekr": 0.6250795781612396,
      "ratios": [
        {
          "accepted_events": 329436,
          "auc": 0.740439902231225,
          "compression_ratio": 1.243995798880511,
          "ekr": 0.8038612604141235,
          "ratio": 0.5,
          "roc_points": {
            "fpr": [
              0.0,
              0.4832891712658654,
              1.0
            ],
            "tpr": [
              0.0,
              0.9641689757283153,
              1.0
            ]
          },
          "tpr_at_fpr": {
            "0.01": 0.0,
            "0.05": 0.0,
            "0.1": 0.0
          }
        },
        {
          "accepted_events": 392308,
          "auc": 0.7384667241452709,
          "compression_ratio": 1.3928724369627945,
          "ekr": 0.7179408073425293,
          "ratio": 1.0,
          "roc_points": {
            "fpr": [
              0.0,
              0.4794902575063315,
              1.0
            ],
            "tpr": [
              0.0,
              0.9564237057968733,
              1.0
            ]
          },
          "tpr_at_fpr": {
            "0.01": 0.0,
            "0.05": 0.0,
            "0.1": 0.0
          }
        },
        {
          "accepted_events": 514654,
          "auc": 0.7347235897642379,
          "compression_ratio": 1.5925204117717924,
          "ekr": 0.6279354095458984,
          "ratio": 2.0,
          "roc_points": {
            "fpr": [
              0.0,
              0.4714530433859568,
              1.0
            ],
            "tpr": [
              0.0,
              0.9409002229144323,
              1.0
            ]
          },
          "tpr_at_fpr": {
            "0.01": 0.0,
            "0.05": 0.0,
            "0.1": 0.0
          }
        },
        {
          "accepted_events": 858453,
          "auc": 0.7234860377810154,