{
  "base_seed": 2027,
  "mean_auc": 0.6277067979059101,
  "mean_ekr": 0.18250260228912038,
  "mean_esr": 0.32862443371559436,
  "noise_ratios": [
    0.5,
    1.0,
    2.0,
    5.0,
    10.0
  ],
  "sources": {
    "ba": {
      "mean_auc": 0.6345142782573642,
      "mean_ekr": 0.22357558757066726,
      "mean_esr": 0.36015578387915037,
      "ratios": [
        {
          "accepted_events": 28647,
          "auc": 0.5342454986729354,
          "compression_ratio": 14.305127936607672,
          "ekr": 0.06990500539541245,
          "esr": 0.09209770167533556,
          "ratio": 0.5,
          "roc_points": {
            "fpr": [
              0.0,
              0.0,
              1.4641288433382138e-05,
              0.0001683748169838946,
              0.0007101024890190337,
              0.0017935578330893118,
              0.003433382137628111,
              0.005373352855051245,
              0.009304538799414348,
              0.025519765739385067,
              1.0
            ],
            "tpr": [
              0.0,
              7.320671012705025e-05,
              0.0012994191047551419,
              0.007778212950999089,
              0.028568918627081358,
              0.055347933191556335,
              0.07334580287629164,
              0.08316648303983543,
              0.09015772385696873,
              0.09209770167533556,
              1.0
            ]
          },
          "tpr_at_fpr": {
            "0.01": 0.09015772385696873,
            "0.05": 0.09209770167533556,
            "0.1": 0.09209770167533556
          }
        },
        {
          "accepted_events": 42672,
          "auc": 0.5491314168294567,
          "compression_ratio": 12.80460254968129,
          "ekr": 0.0780969187617302,
          "esr": 0.1257325246432088,
          "ratio": 1.0,
          "roc_points": {
            "fpr": [
              0.0,
              0.0,
              6.22257036079927e-05,
              0.00034041120209078366,
              0.0012298727301344441,
              0.0027269499522326215,
              0.004996357966171179,
              0.007602516846694168,
              0.014063009015406353,
              0.030461312083865606,
              1.0
            ],
            "tpr": [
              0.0,
              0.00015373409126680552,
              0.0022328046588750323,
              0.011833864692037671,
              0.041021380019692605,
              0.07692195066599805,
              0.1008202811869736,
              0.11426835383731272,
              0.12380352783136102,
              0.1257325246432088,
              1.0
            ]
          },
          "tpr_at_fpr": {
            "0.01": 0.11426835383731272,
            "0.05": 0.1257325246432088,
            "0.1": 0.1257325246432088
          }
        },
        {
          "accepted_events": 73207,
          "auc": 0.575573127646517,
          "compression_ratio": 11.195609709454015,
          "ekr": 0.08932072669267654,
          "esr": 0.18631107727334287,
          "ratio": 2.0,
          "roc_points": {
            "fpr": [
              0.0,
              1.0981006519057536e-05,
              0.00010797989743739911,
              0.0005984648552886358,
              0.0019839018444430616,
              0.00441436462066113,
              0.00795390905530401,
              0.01297405920226648,
              0.02442724900164349,
              0.040825552070102744,
              1.0
            ],
            "tpr": [
              0.0,
              0.0003623732151288987,
              0.0040410103990131735,
              0.021259228620895392,
              0.06427549149155011,
              0.11568124334276479,
              0.15030069656184686,
              0.1706924256677367,
              0.18437842012598873,
              0.18631107727334287,
              1.0
            ]
          },
          "tpr_at_fpr": {
            "0.01": 0.15030069656184686,
            "0.05": 0.18631107727334287,
            "0.1": 0.18631107727334287
          }
        },
        {
          "accepted_events": 353796,
          "auc": 0.7096544711315992,
          "compression_ratio": 4.633161482888444,
          "ekr": 0.2158353477716446,
          "esr": 0.5185414295074287,
          "ratio": 5.0,
          "roc_points": {
            "fpr": [
              0.0,
              0.00010102525997532934,
              0.0007979531403848476,
              0.0034421795101739023,
              0.009330195205692554,
              0.02045761514500419,
              0.04042474533215715,
              0.07705591894553054,
              0.1393131014388779,
              0.15529412625961295,
              1.0
            ],
            "tpr": [
              0.0,
              0.002902646056537542,
              0.02519042895471799,
              0.09697692890530346,
              0.22258500214129628,
              0.3486542776510895,
              0.43342398764270734,
              0.483427830994989,
              0.5166563567216571,
              0.5185414295074287,
              1.0
            ]
          },
          "tpr_at_fpr": {
            "0.01": 0.22258500214129628,
            "0.05": 0.43342398764270734,
            "0.1": 0.483427830994989
          }
        },
        {
          "accepted_events": 1997609,
          "auc": 0.8039668770063124,
          "compression_ratio": 1.5043930018336922,
          "ekr": 0.6647199392318726,
          "esr": 0.8780961862964359,
          "ratio": 10.0,
          "roc_points": {
            "fpr": [
              0.0,
              0.0004180103148254569,
              0.0034216816313383286,
              0.014942221604032226,
              0.04809790665412392,
              0.12415125970446451,
              0.2605152288258742,
              0.4448691247039704,
              0.6280637923272047,
              0.64338229642129,
              1.0
            ],
            "tpr": [
              0.0,
              0.011303116043616558,
              0.0740815303130685,
              0.23096351011533717,
              0.44721613183064357,
              0.640573354953715,
              0.7677077880958568,
              0.8385682231633351,
              0.8762440565302215,
              0.8780961862964359,
              1.0
            ]
          },
          "tpr_at_fpr": {
            "0.01": 0.0740815303130685,
            "0.05": 0.44721613183064357,
            "0.1": 0.44721613183064357
          }
        }
      ]
    },
    "mixed": {
      "mean_auc": 0.6290905371818859,
      "mean_ekr": 0.1931113824248314,
      "mean_esr": 0.3363079659881625,
      "ratios": [
        {
          "accepted_events": 29010,
          "auc": 0.5361266057199333,
          "compression_ratio": 14.12733540158566,
          "ekr": 0.07078475505113602,
          "esr": 0.09425363928857719,
          "ratio": 0.5,
          "roc_points": {
            "fpr": [
              0.0,
              0.0,
              2.195630694917115e-05,
              0.00013905661067808395,
              0.0006294141325429062,
              0.0015808541003403227,
              0.0028835949793244776,
              0.004566911845427599,
              0.00828484648882058,
              0.023859186884765984,
              1.0
            ],
            "tpr": [
              0.0,
              8.052738113975526e-05,
              0.0012664760851979692,
              0.007928286706759541,
              0.029571850555821948,
              0.056921877459287916,
              0.07488680412446605,
              0.0850186128060498,
              0.092310001134704,
              0.09425363928857719,
              1.0
            ]
          },
          "tpr_at_fpr": {
            "0.01": 0.092310001134704,
            "0.05": 0.09425363928857719,
            "0.1": 0.09425363928857719
          }
        },
        {
          "accepted_events": 37567,
          "auc": 0.5434496107356782,
          "compression_ratio": 14.545638459286076,