{
  "base_seed": 2027,
  "noise_ratios": [
    0.5,
    1.0,
    2.0,
    5.0,
    10.0
  ],
  "sources": {
    "ba": {
      "mean_auc": 0.6906734351343558,
      "mean_ekr": 0.471713000535965,
      "ratios": [
        {
          "accepted_events": 182135,
          "auc": 0.744797964217857,
          "compression_ratio": 2.249973920443627,
          "ekr": 0.44444960355758667,
          "ratio": 0.5,
          "roc_points": {
            "fpr": [
              0.0,
              0.11805270863836018,
              1.0
            ],
            "tpr": [
              0.0,
              0.6076486370740742,
              1.0
            ]
          },
          "tpr_at_fpr": {
            "0.01": 0.0,
            "0.05": 0.0,
            "0.1": 0.0
          }
        },
        {
          "accepted_events": 215083,
          "auc": 0.7333665203752576,
          "compression_ratio": 2.540405331895129,
          "ekr": 0.3936379849910736,
          "ratio": 1.0,
          "roc_points": {
            "fpr": [
              0.0,
              0.1602714504811511,
              1.0
            ],
            "tpr": [
              0.0,
              0.6270044912316663,
              1.0
            ]
          },
          "tpr_at_fpr": {
            "0.01": 0.0,
            "0.05": 0.0,
            "0.1": 0.0
          }
        },
        {
          "accepted_events": 311408,
          "auc": 0.7122308280777017,
          "compression_ratio": 2.6319073369984074,
          "ekr": 0.3799525797367096,
          "ratio": 2.0,
          "roc_points": {
            "fpr": [
              0.0,
              0.23846536773560664,
              1.0
            ],
            "tpr": [
              0.0,
              0.6629270238910099,
              1.0
            ]
          },
          "tpr_at_fpr": {
            "0.01": 0.0,
            "0.05": 0.0,
            "0.1": 0.0
          }
        },
        {
          "accepted_events": 790094,
          "auc": 0.660750222365382,
          "compression_ratio": 2.0746822529977447,
          "ekr": 0.48200151324272156,
          "ratio": 5.0,
          "roc_points": {
            "fpr": [
              0.0,
              0.42841811280421965,
              1.0
            ],
            "tpr": [
              0.0,
              0.7499185575349837,
              1.0
            ]
          },
          "tpr_at_fpr": {
            "0.01": 0.0,
            "0.05": 0.0,
            "0.1": 0.0
          }
        },
        {
          "accepted_events": 1978987,
          "auc": 0.6022216406355807,
          "compression_ratio": 1.5185491365026653,
          "ekr": 0.6585233211517334,
          "ratio": 10.0,
          "roc_points": {
            "fpr": [
              0.0,
              0.6399375546762617,
              1.0
            ],
            "tpr": [
              0.0,
              0.844380835947423,
              1.0
            ]
          },
          "tpr_at_fpr": {
            "0.01": 0.0,
            "0.05": 0.0,
            "0.1": 0.0
          }
        }
      ]
    },
    "mixed": {
      "mean_auc": 0.6940953335583685,
      "mean_ekr": 0.46001275181770324,
      "ratios": [
        {
          "accepted_events": 181164,
          "auc": 0.7458960480578052,
          "compression_ratio": 2.2622264909143097,
          "ekr": 0.44204238057136536,
          "ratio": 0.5,
          "roc_points": {
            "fpr": [
              0.0,
              0.11420938998060526,
              1.0
            ],
            "tpr": [
              0.0,
              0.6060014860962156,
              1.0
            ]
          },
          "tpr_at_fpr": {
            "0.01": 0.0,
            "0.05": 0.0,
            "0.1": 0.0
          }
        },
        {
          "accepted_events": 212591,
          "auc": 0.7351524872566393,
          "compression_ratio": 2.5703628093381186,
          "ekr": 0.38905012607574463,
          "ratio": 1.0,
          "roc_points": {
            "fpr": [
              0.0,
              0.1539140013980537,
              1.0
            ],
            "tpr": [
              0.0,
              0.624218975911332,
              1.0
            ]
          },
          "tpr_at_fpr": {
            "0.01": 0.0,
            "0.05": 0.0,
            "0.1": 0.0
          }
        },
        {
          "accepted_events": 303945,
          "auc": 0.7149587857177443,
          "compression_ratio": 2.696662225073615,
          "ekr": 0.3708288073539734,
          "ratio": 2.0,
          "roc_points": {
            "fpr": [
              0.0,
              0.22752993020251153,
              1.0
            ],
            "tpr": [
              0.0,
              0.6574475016380001,
              1.0
            ]
          },
          "tpr_at_fpr": {
            "0.01": 0.0,
            "0.05": 0.0,
            "0.1": 0.0
          }
        },
        {
          "accepted_events": 759617,
          "auc": 0.665626021292041,
          "compression_ratio": 2.157991461486512,
          "ekr": 0.4633938670158386,
          "ratio": 5.0,
          "roc_points": {
            "fpr": [
              0.0,
              0.4081869743962145,
              1.0
            ],
            "tpr": [
              0.0,
              0.7394390169802965,
              1.0
            ]
          },
          "tpr_at_fpr": {
            "0.01": 0.0,
            "0.05": 0.0,
            "0.1": 0.0
          }
        },
        {
          "accepted_events": 1907563,
          "auc": 0.6088433254676127,
          "compression_ratio": 1.5754268666355973,
          "ekr": 0.6347485780715942,
          "ratio": 10.0,
          "roc_points": {
            "fpr": [
              0.0,
              0.6149591493788312,
              1.0
            ],
            "tpr": [
              0.0,
              0.8326458003140568,
              1.0
            ]
          },
          "tpr_at_fpr": {
            "0.01": 0.0,
            "0.05": 0.0,
            "0.1": 0.0
          }
        }
      ]
    },
    "shot": {
      "mean_auc": 0.7031252229092358,
      "mean_ekr": 0.4304995834827423,
      "ratios": [
        {
          "accepted_events": 179353,
          "auc": 0.7478284457313535,
          "compression_ratio": 2.2849743243770666,
          "ekr": 0.4376416802406311,
          "ratio": 0.5,
          "roc_points": {
            "fpr": [
              0.0,
              0.10721866811108346,
              1.0
            ],
            "tpr": [
              0.0,
              0.6028755595737906,
              1.0
            ]
          },
          "tpr_at_fpr": {
            "0.01": 0.0,
            "0.05": 0.0,
            "0.1": 0.0
          }
        },
        {
          "accepted_events": 206663,
          "auc": 0.7385407122246876,
          "compression_ratio": 2.6440872338057613,
          "ekr": 0.378202348947525,
          "ratio": 1.0,
          "roc_points": {
            "fpr": [
              0.0,
              0.13967778770001024,
              1.0
            ],
            "tpr": [
              0.0,
              0.6167592121493856,
              1.0
            ]
          },
          "tpr_at_fpr": {
            "0.01": 0.0,
            "0.05": 0.0,
            "0.1": 0.0
          }
        },
        {
          "accepted_events": 285166,
          "auc": 0.7221640635580657,
          "compression_ratio": 2.8741049073171414,
          "ekr": 0.34793442487716675,
          "ratio": 2.0,
          "roc_points": {
            "fpr": [
              0.0,
              0.19982503596279635,
              1.0
            ],
            "tpr": [
              0.0,
              0.6441531630789278,
              1.0
            ]
          },
          "tpr_at_fpr": {
            "0.01": 0.0,
            "0.05": 0.0,
            "0.1": 0.0
          }
        },
        {
          "accepted_events": 683483,
          "auc": 0.6795534437661528,