{
  "base_seed": 2027,
  "mean_auc": 0.4938453083290643,
  "mean_ekr": 0.010447980246196191,
  "mean_esr": 0.0025745973065751256,
  "noise_ratios": [
    0.5,
    1.0,
    2.0,
    5.0,
    10.0
  ],
  "sources": {
    "ba": {
      "mean_auc": 0.4929714719006254,
      "mean_ekr": 0.011722519621253013,
      "mean_esr": 0.0026142064959070507,
      "ratios": [
        {
          "accepted_events": 164,
          "auc": 0.49303538420913656,
          "compression_ratio": 138.5487804878049,
          "ekr": 0.007217674516141415,
          "esr": 0.0025745973065751256,
          "ratio": 0.5,
          "roc_points": {
            "fpr": [
              0.0,
              0.016503828888302086,
              1.0
            ],
            "tpr": [
              0.0,
              0.0025745973065751256,
              1.0
            ]
          },
          "tpr_at_fpr": {
            "0.01": 0.0,
            "0.05": 0.0025745973065751256,
            "0.1": 0.0025745973065751256
          }
        },
        {
          "accepted_events": 291,
          "auc": 0.4929692839121565,
          "compression_ratio": 104.10996563573883,
          "ekr": 0.00960522796958685,
          "esr": 0.0025745973065751256,
          "ratio": 1.0,
          "roc_points": {
            "fpr": [
              0.0,
              6.601531555320834e-05,
              0.0166358595194085,
              1.0
            ],
            "tpr": [
              0.0,
              0.0,
              0.0025745973065751256,
              1.0
            ]
          },
          "tpr_at_fpr": {
            "0.01": 0.0,
            "0.05": 0.0025745973065751256,
            "0.1": 0.0025745973065751256
          }
        },
        {
          "accepted_events": 566,
          "auc": 0.4926395603341634,
          "compression_ratio": 80.28975265017668,
          "ekr": 0.012454889714717865,
          "esr": 0.0026406126221283337,
          "ratio": 2.0,
          "roc_points": {
            "fpr": [
              0.0,
              0.0002310536044362292,
              0.017362027990493793,
              1.0
            ],
            "tpr": [
              0.0,
              6.601531555320834e-05,
              0.0026406126221283337,
              1.0
            ]
          },
          "tpr_at_fpr": {
            "0.01": 6.601531555320834e-05,
            "0.05": 0.0026406126221283337,
            "0.1": 0.0026406126221283337
          }
        },
        {
          "accepted_events": 1260,
          "auc": 0.4933070584997848,
          "compression_ratio": 72.13333333333334,
          "ekr": 0.013863216154277325,
          "esr": 0.0027066279376815423,
          "ratio": 5.0,
          "roc_points": {
            "fpr": [
              0.0,
              0.00010562450488513335,
              0.0004224980195405334,
              0.016094533931872195,
              1.0
            ],
            "tpr": [
              0.0,
              0.0,
              0.00019804594665962503,
              0.0027066279376815423,
              1.0
            ]
          },
          "tpr_at_fpr": {
            "0.01": 0.00019804594665962503,
            "0.05": 0.0027066279376815423,
            "0.1": 0.0027066279376815423
          }
        },
        {
          "accepted_events": 2578,
          "auc": 0.49290607254788577,
          "compression_ratio": 64.63460046547712,
          "ekr": 0.015471589751541615,
          "esr": 0.0025745973065751256,
          "ratio": 10.0,
          "roc_points": {
            "fpr": [
              0.0,
              0.00014523369421705836,
              0.000878003696857671,
              0.016761288618959598,
              1.0
            ],
            "tpr": [
              0.0,
              0.0,
              6.601531555320834e-05,
              0.0025745973065751256,
              1.0
            ]
          },
          "tpr_at_fpr": {
            "0.01": 6.601531555320834e-05,
            "0.05": 0.0025745973065751256,
            "0.1": 0.0025745973065751256
          }
        }
      ]
    },
    "mixed": {
      "mean_auc": 0.4936538737345205,
      "mean_ekr": 0.010652602091431618,
      "mean_esr": 0.002548191180353842,
      "ratios": [
        {
          "accepted_events": 169,
          "auc": 0.4927075732045019,
          "compression_ratio": 134.46153846153845,
          "ekr": 0.007437070831656456,
          "esr": 0.0025745973065751256,
          "ratio": 0.5,
          "roc_points": {
            "fpr": [
              0.0,
              0.017159450897571277,
              1.0
            ],
            "tpr": [
              0.0,
              0.0025745973065751256,
              1.0
            ]
          },
          "tpr_at_fpr": {
            "0.01": 0.0,
            "0.05": 0.0025745973065751256,
            "0.1": 0.0025745973065751256
          }
        },
        {
          "accepted_events": 269,
          "auc": 0.4936957835766515,
          "compression_ratio": 112.62825278810409,
          "ekr": 0.008878766559064388,
          "esr": 0.0025745973065751256,
          "ratio": 1.0,
          "roc_points": {
            "fpr": [
              0.0,
              0.00019803287345699386,
              0.01518252029836953,
              1.0
            ],
            "tpr": [
              0.0,
              0.0,
              0.0025745973065751256,
              1.0
            ]
          },
          "tpr_at_fpr": {
            "0.01": 0.0,
            "0.05": 0.0025745973065751256,
            "0.1": 0.0025745973065751256
          }
        },
        {
          "accepted_events": 448,
          "auc": 0.494537816010385,
          "compression_ratio": 101.44419642857143,
          "ekr": 0.00985763594508171,
          "esr": 0.0025745973065751256,
          "ratio": 2.0,
          "roc_points": {
            "fpr": [
              0.0,
              6.60087791676293e-05,
              0.013498795339780191,
              1.0
            ],
            "tpr": [
              0.0,
              0.0,
              0.0025745973065751256,
              1.0
            ]
          },
          "tpr_at_fpr": {
            "0.01": 0.0,
            "0.05": 0.0025745973065751256,
            "0.1": 0.0025745973065751256
          }
        },
        {
          "accepted_events": 1200,
          "auc": 0.49362300235688905,
          "compression_ratio": 75.74333333333334,
          "ekr": 0.013202481903135777,
          "esr": 0.0025745973065751256,
          "ratio": 5.0,
          "roc_points": {
            "fpr": [
              0.0,
              1.3202365863962822e-05,
              0.0002508449514152936,
              0.015327946768060836,
              1.0
            ],
            "tpr": [
              0.0,
              0.0,
              0.0,
              0.0025745973065751256,
              1.0
            ]
          },
          "tpr_at_fpr": {
            "0.01": 0.0,
            "0.05": 0.0025745973065751256,
            "0.1": 0.0025745973065751256
          }
        },
        {
          "accepted_events": 2314,
          "auc": 0.493705193524175,
          "compression_ratio": 72.00950734658599,
          "ekr": 0.013887055218219757,
          "esr": 0.002442566675468709,
          "ratio": 10.0,
          "roc_points": {
            "fpr": [
              0.0,
              6.601444396033852e-06,
              9.242022154447393e-05,
              0.0006865502171875206,
              0.015031488889769082,
              1.0
            ],
            "tpr": [
              0.0,
              0.0,
              0.0,
              6.601531555320834e-05,
              0.002442566675468709,
              1.0
            ]
          },
          "tpr_at_fpr": {
            "0.01": 6.601531555320834e-05,
            "0.05": 0.002442566675468709,
            "0.1": 0.002442566675468709
          }
        }
      ]
    },
    "shot": {
      "mean_auc": 0.494910579352047,
      "mean_ekr": 0.00896881902590394,