{
  "dataset": "nmnist",
  "elapsed_sec": 7.21,
  "event_metrics_summary": {
    "mean_auc": 0.4938453083290643,
    "mean_ekr": 0.010447980246196191,
    "mean_esr": 0.0025745973065751256
  },
  "grid_preset": "fast",
  "method": "proposed_conf",
  "run_timestamp": "20260522_132328_538719",
  "selected": {
    "end_to_end_latency_sec": null,
    "filter_params": {
      "alpha": 0.01,
      "delta_t_us": 1000,
      "eps_us": 1,
      "gamma": 0,
      "k0": 1,
      "k_high": 2,
      "r_max_hz": 20000.0,
      "t_recover_us": 1000000,
      "tau_pair_us": 1000,
      "tau_ref_dig_us": 500,
      "u_hot": 32,
      "warmup_us": 5000
    },
    "mean_auc": 0.4937322986604276,
    "mean_ekr": 0.010461541055701674,
    "mean_esr": 0.0024146210953984375,
    "rank": 0,
    "test_accuracy": null,
    "val_accuracy": 0.125
  },
  "stage_b_lightweight": true,
  "stage_b_results": [
    {
      "end_to_end_latency_sec": null,
      "filter_params": {
        "alpha": 0.01,
        "delta_t_us": 1000,
        "eps_us": 1,
        "gamma": 0,
        "k0": 1,
        "k_high": 2,
        "r_max_hz": 20000.0,
        "t_recover_us": 1000000,
        "tau_pair_us": 1000,
        "tau_ref_dig_us": 500,
        "u_hot": 32,
        "warmup_us": 5000
      },
      "mean_auc": 0.4937322986604276,
      "mean_ekr": 0.010461541055701674,
      "mean_esr": 0.0024146210953984375,
      "rank": 0,
      "test_accuracy": null,
      "val_accuracy": 0.125
    }
  ],
  "stage_b_skipped": false,
  "top_candidates": [
    {
      "candidate_index": 0,
      "filter_params": {
        "alpha": 0.01,
        "delta_t_us": 1000,
        "eps_us": 1,
        "gamma": 0,
        "k0": 1,
        "k_high": 2,
        "r_max_hz": 20000.0,
        "t_recover_us": 1000000,
        "tau_pair_us": 1000,
        "tau_ref_dig_us": 500,
        "u_hot": 32,
        "warmup_us": 5000
      },
      "mean_auc": 0.4937322986604276,
      "mean_ekr": 0.010461541055701674,
      "mean_esr": 0.0024146210953984375
    }
  ]
}