{
  "base_seed": 2027,
  "mean_auc": 0.49883306099801716,
  "mean_ekr": 0.0015691651244803021,
  "mean_esr": 0.0005122029485222615,
  "noise_ratios": [
    0.5,
    1.0,
    2.0,
    5.0,
    10.0
  ],
  "sources": {
    "ba": {
      "mean_auc": 0.49866683479834684,
      "mean_ekr": 0.0016510435030795633,
      "mean_esr": 0.0004641305422054986,
      "ratios": [
        {
          "accepted_events": 1266,
          "auc": 0.49654465254002605,
          "compression_ratio": 323.6958925750395,
          "ekr": 0.003089319448918104,
          "esr": 0.0008272358244356678,
          "ratio": 0.5,
          "roc_points": {
            "fpr": [
              0.0,
              7.320644216691069e-06,
              0.00014641288433382137,
              0.007752562225475842,
              1.0
            ],
            "tpr": [
              0.0,
              0.0,
              1.464134202541005e-05,
              0.0008418771664610779,
              1.0
            ]
          },
          "tpr_at_fpr": {
            "0.01": 0.0008418771664610779,
            "0.05": 0.0008418771664610779,
            "0.1": 0.0008418771664610779
          }
        },
        {
          "accepted_events": 1416,
          "auc": 0.49794472633599784,
          "compression_ratio": 385.8742937853107,
          "ekr": 0.002591517521068454,
          "esr": 0.0005600313324719344,
          "ratio": 1.0,
          "roc_points": {
            "fpr": [
              0.0,
              3.6603355063525124e-06,
              1.464134202541005e-05,
              7.320671012705025e-05,
              0.0046815691126248634,
              1.0
            ],
            "tpr": [
              0.0,
              0.0,
              0.0,
              1.0981006519057536e-05,
              0.0005710123389909919,
              1.0
            ]
          },
          "tpr_at_fpr": {
            "0.01": 0.0005710123389909919,
            "0.05": 0.0005710123389909919,
            "0.1": 0.0005710123389909919
          }
        },
        {
          "accepted_events": 1251,
          "auc": 0.4991453087652866,
          "compression_ratio": 655.1534772182255,
          "ekr": 0.001526359934359789,
          "esr": 0.00039531623468607135,
          "ratio": 2.0,
          "roc_points": {
            "fpr": [
              0.0,
              1.8301677531762562e-06,
              1.464134202541005e-05,
              0.0021046929161526945,
              1.0
            ],
            "tpr": [
              0.0,
              0.0,
              0.0,
              0.00039531623468607135,
              1.0
            ]
          },
          "tpr_at_fpr": {
            "0.01": 0.00039531623468607135,
            "0.05": 0.00039531623468607135,
            "0.1": 0.00039531623468607135
          }
        },
        {
          "accepted_events": 1113,
          "auc": 0.4997635422217848,
          "compression_ratio": 1472.7708894878706,
          "ekr": 0.0006789922481402755,
          "esr": 0.00028550616949549597,
          "ratio": 5.0,
          "roc_points": {
            "fpr": [
              0.0,
              7.320671012705024e-07,
              0.0007584215169162405,
              1.0
            ],
            "tpr": [
              0.0,
              0.0,
              0.00028550616949549597,
              1.0
            ]
          },
          "tpr_at_fpr": {
            "0.01": 0.00028550616949549597,
            "0.05": 0.00028550616949549597,
            "0.1": 0.00028550616949549597
          }
        },
        {
          "accepted_events": 1109,
          "auc": 0.49993594412863884,
          "compression_ratio": 2709.818755635708,
          "ekr": 0.00036902836291119456,
          "esr": 0.00025256314993832334,
          "ratio": 10.0,
          "roc_points": {
            "fpr": [
              0.0,
              0.00038067489266066127,
              1.0
            ],
            "tpr": [
              0.0,
              0.00025256314993832334,
              1.0
            ]
          },
          "tpr_at_fpr": {
            "0.01": 0.00025256314993832334,
            "0.05": 0.00025256314993832334,
            "0.1": 0.00025256314993832334
          }
        }
      ]
    },
    "mixed": {
      "mean_auc": 0.49876556941332356,
      "mean_ekr": 0.0016128593182656915,
      "mean_esr": 0.0004912170249525071,
      "ratios": [
        {
          "accepted_events": 1202,
          "auc": 0.49694273873026396,
          "compression_ratio": 340.9600665557404,
          "ekr": 0.002932894742116332,
          "esr": 0.0009224045476008331,
          "ratio": 0.5,
          "roc_points": {
            "fpr": [
              0.0,
              1.46375379661141e-05,
              0.00012441907271196984,
              0.007062612068650053,
              1.0
            ],
            "tpr": [
              0.0,
              0.0,
              2.5622348544467586e-05,
              0.0009480268961453007,
              1.0
            ]
          },
          "tpr_at_fpr": {
            "0.01": 0.0009480268961453007,
            "0.05": 0.0009480268961453007,
            "0.1": 0.0009480268961453007
          }
        },
        {
          "accepted_events": 1364,
          "auc": 0.498074987148882,
          "compression_ratio": 400.61290322580646,
          "ekr": 0.0024961752351373434,
          "esr": 0.0005819933455100494,
          "ratio": 1.0,
          "roc_points": {
            "fpr": [
              0.0,
              3.293843805926723e-05,
              0.004443029311550046,
              1.0
            ],
            "tpr": [
              0.0,
              1.0981006519057536e-05,
              0.000592974352029107,
              1.0
            ]
          },
          "tpr_at_fpr": {
            "0.01": 0.000592974352029107,
            "0.05": 0.000592974352029107,
            "0.1": 0.000592974352029107
          }
        },
        {
          "accepted_events": 1300,
          "auc": 0.4991115325349408,
          "compression_ratio": 630.49,
          "ekr": 0.0015860679559409618,
          "esr": 0.0004136179122178339,
          "ratio": 2.0,
          "roc_points": {
            "fpr": [
              0.0,
              3.6600675648472472e-06,
              2.562047295393073e-05,
              0.0021942105051259244,
              1.0
            ],
            "tpr": [
              0.0,
              0.0,
              3.6603355063525124e-06,
              0.0004172782477241864,
              1.0
            ]
          },
          "tpr_at_fpr": {
            "0.01": 0.0004172782477241864,
            "0.05": 0.0004172782477241864,
            "0.1": 0.0004172782477241864
          }
        },
        {
          "accepted_events": 1122,
          "auc": 0.499760262760284,
          "compression_ratio": 1461.0044563279857,
          "ekr": 0.0006844606250524521,
          "esr": 0.00028550616949549597,
          "ratio": 5.0,
          "roc_points": {
            "fpr": [
              0.0,
              7.320386984937571e-07,
              0.0007649804399259762,
              1.0
            ],
            "tpr": [
              0.0,
              0.0,
              0.00028550616949549597,
              1.0
            ]
          },
          "tpr_at_fpr": {
            "0.01": 0.00028550616949549597,
            "0.05": 0.00028550616949549597,
            "0.1": 0.00028550616949549597
          }
        },
        {
          "accepted_events": 1096,
          "auc": 0.4999383258922472,
          "compression_ratio": 2741.9945255474454,
          "ekr": 0.0003646980330813676,
          "esr": 0.00025256314993832334,
          "ratio": 10.0,
          "roc_points": {
            "fpr": [
              0.0,
              0.0003759113654440458,
              1.0
            ],
            "tpr": [
              0.0,
              0.00025256314993832334,
              1.0
            ]
          },