{
  "dataset": "nmnist",
  "elapsed_sec": 422.9,
  "event_metrics_summary": {
    "mean_auc": 0.49883306099801716,
    "mean_ekr": 0.0015691651244803021,
    "mean_esr": 0.0005122029485222615
  },
  "grid_preset": "fast",
  "method": "proposed_lowmem",
  "run_timestamp": "20260522_144740_407941",
  "selected": {
    "end_to_end_latency_sec": null,
    "filter_params": {
      "delta_t_us": 1000,
      "k0": 2,
      "k_high": 2,
      "tau_ref_dig_us": 2000,
      "warmup_us": 5000
    },
    "mean_auc": 0.4987458811580961,
    "mean_ekr": 0.0017096226042516113,
    "mean_esr": 0.0005647845787268238,
    "rank": 0,
    "test_accuracy": null,
    "val_accuracy": 0.091796875
  },
  "stage_b_lightweight": true,
  "stage_b_results": [
    {
      "end_to_end_latency_sec": null,
      "filter_params": {
        "delta_t_us": 1000,
        "k0": 2,
        "k_high": 2,
        "tau_ref_dig_us": 2000,
        "warmup_us": 5000
      },
      "mean_auc": 0.4987458811580961,
      "mean_ekr": 0.0017096226042516113,
      "mean_esr": 0.0005647845787268238,
      "rank": 0,
      "test_accuracy": null,
      "val_accuracy": 0.091796875
    },
    {
      "end_to_end_latency_sec": null,
      "filter_params": {
        "delta_t_us": 1000,
        "k0": 2,
        "k_high": 3,
        "tau_ref_dig_us": 2000,
        "warmup_us": 5000
      },
      "mean_auc": 0.4987458811580961,
      "mean_ekr": 0.0017096226042516113,
      "mean_esr": 0.0005647845787268238,
      "rank": 1,
      "test_accuracy": null,
      "val_accuracy": 0.091796875
    },
    {
      "end_to_end_latency_sec": null,
      "filter_params": {
        "delta_t_us": 1000,
        "k0": 1,
        "k_high": 2,
        "tau_ref_dig_us": 2000,
        "warmup_us": 5000
      },
      "mean_auc": 0.4987408166405715,
      "mean_ekr": 0.001738544951467702,
      "mean_esr": 0.0005750544027333485,
      "rank": 2,
      "test_accuracy": null,
      "val_accuracy": 0.091796875
    }
  ],
  "stage_b_skipped": false,
  "top_candidates": [
    {
      "candidate_index": 26,
      "filter_params": {
        "delta_t_us": 1000,
        "k0": 2,
        "k_high": 2,
        "tau_ref_dig_us": 2000,
        "warmup_us": 5000
      },
      "mean_auc": 0.4987458811580961,
      "mean_ekr": 0.0017096226042516113,
      "mean_esr": 0.0005647845787268238
    },
    {
      "candidate_index": 27,
      "filter_params": {
        "delta_t_us": 1000,
        "k0": 2,
        "k_high": 3,
        "tau_ref_dig_us": 2000,
        "warmup_us": 5000
      },
      "mean_auc": 0.4987458811580961,
      "mean_ekr": 0.0017096226042516113,
      "mean_esr": 0.0005647845787268238
    },
    {
      "candidate_index": 24,
      "filter_params": {
        "delta_t_us": 1000,
        "k0": 1,
        "k_high": 2,
        "tau_ref_dig_us": 2000,
        "warmup_us": 5000
      },
      "mean_auc": 0.4987408166405715,
      "mean_ekr": 0.001738544951467702,
      "mean_esr": 0.0005750544027333485
    }
  ]
}