{
  "base_seed": 2027,
  "mean_auc": 0.6946389811257386,
  "mean_ekr": 0.35469684203465784,
  "mean_esr": 0.5932009421765311,
  "noise_ratios": [
    0.5,
    1.0,
    2.0,
    5.0,
    10.0
  ],
  "sources": {
    "ba": {
      "mean_auc": 0.6880412282767926,
      "mean_ekr": 0.37784491777420043,
      "mean_esr": 0.6058844889398883,
      "ratios": [
        {
          "accepted_events": 13815048,
          "auc": 0.7291655451794372,
          "compression_ratio": 2.66360124119728,
          "ekr": 0.3754315674304962,
          "esr": 0.5282086348970828,
          "ratio": 0.5,
          "roc_points": {
            "fpr": [
              0.0,
              0.06987754453820824,
              1.0
            ],
            "tpr": [
              0.0,
              0.5282086348970828,
              1.0
            ]
          },
          "tpr_at_fpr": {
            "0.01": 0.0,
            "0.05": 0.0,
            "0.1": 0.5282086348970828
          }
        },
        {
          "accepted_events": 15840889,
          "auc": 0.7208947348039385,
          "compression_ratio": 3.097281977040556,
          "ekr": 0.32286372780799866,
          "esr": 0.543758460939554,
          "ratio": 1.0,
          "roc_points": {
            "fpr": [
              0.0,
              0.10196899133167699,
              1.0
            ],
            "tpr": [
              0.0,
              0.543758460939554,
              1.0
            ]
          },
          "tpr_at_fpr": {
            "0.01": 0.0,
            "0.05": 0.0,
            "0.1": 0.0
          }
        },
        {
          "accepted_events": 22020664,
          "auc": 0.7052385979858837,
          "compression_ratio": 3.342113117024991,
          "ekr": 0.2992112338542938,
          "esr": 0.5728633592656077,
          "ratio": 2.0,
          "roc_points": {
            "fpr": [
              0.0,
              0.16238616329384045,
              1.0
            ],
            "tpr": [
              0.0,
              0.5728633592656077,
              1.0
            ]
          },
          "tpr_at_fpr": {
            "0.01": 0.0,
            "0.05": 0.0,
            "0.1": 0.0
          }
        },
        {
          "accepted_events": 54523138,
          "auc": 0.6659156239745474,
          "compression_ratio": 2.6996080086219543,
          "ekr": 0.3704254925251007,
          "esr": 0.646950189243779,
          "ratio": 5.0,
          "roc_points": {
            "fpr": [
              0.0,
              0.31511894129468426,
              1.0
            ],
            "tpr": [
              0.0,
              0.646950189243779,
              1.0
            ]
          },
          "tpr_at_fpr": {
            "0.01": 0.0,
            "0.05": 0.0,
            "0.1": 0.0
          }
        },
        {
          "accepted_events": 140671197,
          "auc": 0.6189916394401564,
          "compression_ratio": 1.9183056358011938,
          "ekr": 0.5212925672531128,
          "esr": 0.7376418003534181,
          "ratio": 10.0,
          "roc_points": {
            "fpr": [
              0.0,
              0.49965852147310535,
              1.0
            ],
            "tpr": [
              0.0,
              0.7376418003534181,
              1.0
            ]
          },
          "tpr_at_fpr": {
            "0.01": 0.0,
            "0.05": 0.0,
            "0.1": 0.0
          }
        }
      ]
    },
    "mixed": {
      "mean_auc": 0.6923495462199211,
      "mean_ekr": 0.3626494348049164,
      "mean_esr": 0.5975012565297766,
      "ratios": [
        {
          "accepted_events": 13728167,
          "auc": 0.730101076131382,
          "compression_ratio": 2.680460836468554,
          "ekr": 0.3730701804161072,
          "esr": 0.5264712200669741,
          "ratio": 0.5,
          "roc_points": {
            "fpr": [
              0.0,
              0.06626906780421009,
              1.0
            ],
            "tpr": [
              0.0,
              0.5264712200669741,
              1.0
            ]
          },
          "tpr_at_fpr": {
            "0.01": 0.0,
            "0.05": 0.0,
            "0.1": 0.5264712200669741
          }
        },
        {
          "accepted_events": 15582389,
          "auc": 0.7226345408849307,
          "compression_ratio": 3.148665779040685,
          "ekr": 0.31759482622146606,
          "esr": 0.5402295383348585,
          "ratio": 1.0,
          "roc_points": {
            "fpr": [
              0.0,
              0.09496045656499694,
              1.0
            ],
            "tpr": [
              0.0,
              0.5402295383348585,
              1.0
            ]
          },
          "tpr_at_fpr": {
            "0.01": 0.0,
            "0.05": 0.0,
            "0.1": 0.5402295383348585
          }
        },
        {
          "accepted_events": 21215105,
          "auc": 0.708553485852904,
          "compression_ratio": 3.4690179002177928,
          "ekr": 0.2882659435272217,
          "esr": 0.5663373940408082,
          "ratio": 2.0,
          "roc_points": {
            "fpr": [
              0.0,
              0.14923042233500025,
              1.0
            ],
            "tpr": [
              0.0,
              0.5663373940408082,
              1.0
            ]
          },
          "tpr_at_fpr": {
            "0.01": 0.0,
            "0.05": 0.0,
            "0.1": 0.0
          }
        },
        {
          "accepted_events": 51046743,
          "auc": 0.6725002663776646,
          "compression_ratio": 2.8834581473689713,
          "ekr": 0.3468068242073059,
          "esr": 0.6343062590061491,
          "ratio": 5.0,
          "roc_points": {
            "fpr": [
              0.0,
              0.2893057262508198,
              1.0
            ],
            "tpr": [
              0.0,
              0.6343062590061491,
              1.0
            ]
          },
          "tpr_at_fpr": {
            "0.01": 0.0,
            "0.05": 0.0,
            "0.1": 0.0
          }
        },
        {
          "accepted_events": 131554842,
          "auc": 0.627958361852724,
          "compression_ratio": 2.051238706972108,
          "ekr": 0.4875093996524811,
          "esr": 0.7201618712000929,
          "ratio": 10.0,
          "roc_points": {
            "fpr": [
              0.0,
              0.4642451474946447,
              1.0
            ],
            "tpr": [
              0.0,
              0.7201618712000929,
              1.0
            ]
          },
          "tpr_at_fpr": {
            "0.01": 0.0,
            "0.05": 0.0,
            "0.1": 0.0
          }
        }
      ]
    },
    "shot": {
      "mean_auc": 0.7035261688805019,
      "mean_ekr": 0.3235961735248566,
      "mean_esr": 0.5762170810599282,
      "ratios": [
        {
          "accepted_events": 13515219,
          "auc": 0.732378258935702,
          "compression_ratio": 2.7226931357901045,
          "ekr": 0.3672834038734436,
          "esr": 0.5222024021832842,
          "ratio": 0.5,
          "roc_points": {
            "fpr": [
              0.0,
              0.057445884311880115,
              1.0
            ],
            "tpr": [
              0.0,
              0.5222024021832842,
              1.0
            ]
          },
          "tpr_at_fpr": {
            "0.01": 0.0,
            "0.05": 0.0,
            "0.1": 0.5222024021832842
          }
        },
        {
          "accepted_events": 14967513,
          "auc": 0.7270601208651516,
          "compression_ratio": 3.2780151251580674,
          "ekr": 0.3050626516342163,
          "esr": 0.5321229340632688,
          "ratio": 1.0,
          "roc_points": {
            "fpr": [
              0.0,
              0.07800269233296554,
              1.0
            ],
            "tpr": [
              0.0,
              0.5321229340632688,
              1.0
            ]
          },
          "tpr_at_fpr": {
            "0.01": 0.0,
            "0.05": 0.0,