{
  "base_seed": 2027,
  "mean_auc": 0.5016545622748794,
  "mean_ekr": 0.9980620304743448,
  "mean_esr": 0.9992733120412852,
  "noise_ratios": [
    0.5,
    1.0,
    2.0,
    5.0,
    10.0
  ],
  "sources": {
    "ba": {
      "mean_auc": 0.5008185723027443,
      "mean_ekr": 0.9990063905715942,
      "mean_esr": 0.9995877440959406,
      "ratios": [
        {
          "accepted_events": 36648561,
          "auc": 0.503572680606044,
          "compression_ratio": 1.0040715923334615,
          "ekr": 0.9959466457366943,
          "esr": 0.998326705894582,
          "ratio": 0.5,
          "roc_points": {
            "fpr": [
              0.0,
              0.9911813446824941,
              1.0
            ],
            "tpr": [
              0.0,
              0.998326705894582,
              1.0
            ]
          },
          "tpr_at_fpr": {
            "0.01": 0.0,
            "0.05": 0.0,
            "0.1": 0.0
          }
        },
        {
          "accepted_events": 49024436,
          "auc": 0.5004823932968773,
          "compression_ratio": 1.0008009067151737,
          "ekr": 0.9992026686668396,
          "esr": 0.9996821275199383,
          "ratio": 1.0,
          "roc_points": {
            "fpr": [
              0.0,
              0.9987173409261837,
              1.0
            ],
            "tpr": [
              0.0,
              0.9996821275199383,
              1.0
            ]
          },
          "tpr_at_fpr": {
            "0.01": 0.0,
            "0.05": 0.0,
            "0.1": 0.0
          }
        },
        {
          "accepted_events": 73588381,
          "auc": 0.5000389086024902,
          "compression_ratio": 1.0000974202707353,
          "ekr": 0.9999050498008728,
          "esr": 0.9999544673557029,
          "ratio": 2.0,
          "roc_points": {
            "fpr": [
              0.0,
              0.9998766501507225,
              1.0
            ],
            "tpr": [
              0.0,
              0.9999544673557029,
              1.0
            ]
          },
          "tpr_at_fpr": {
            "0.01": 0.0,
            "0.05": 0.0,
            "0.1": 0.0
          }
        },
        {
          "accepted_events": 147188925,
          "auc": 0.4999998654809972,
          "compression_ratio": 1.0000147769270005,
          "ekr": 0.9999854564666748,
          "esr": 0.9999849990930159,
          "ratio": 5.0,
          "roc_points": {
            "fpr": [
              0.0,
              0.9999852681310215,
              1.0
            ],
            "tpr": [
              0.0,
              0.9999849990930159,
              1.0
            ]
          },
          "tpr_at_fpr": {
            "0.01": 0.0,
            "0.05": 0.0,
            "0.1": 0.0
          }
        },
        {
          "accepted_events": 269848249,
          "auc": 0.49999901352731246,
          "compression_ratio": 1.0000077858574505,
          "ekr": 0.9999921321868896,
          "esr": 0.9999904206164639,
          "ratio": 10.0,
          "roc_points": {
            "fpr": [
              0.0,
              0.999992393561839,
              1.0
            ],
            "tpr": [
              0.0,
              0.9999904206164639,
              1.0
            ]
          },
          "tpr_at_fpr": {
            "0.01": 0.0,
            "0.05": 0.0,
            "0.1": 0.0
          }
        }
      ]
    },
    "mixed": {
      "mean_auc": 0.5011692007496975,
      "mean_ekr": 0.9986135840415955,
      "mean_esr": 0.9994503472016991,
      "ratios": [
        {
          "accepted_events": 36594529,
          "auc": 0.5050156642786838,
          "compression_ratio": 1.0055550653487029,
          "ekr": 0.9944778680801392,
          "esr": 0.9978194062005108,
          "ratio": 0.5,
          "roc_points": {
            "fpr": [
              0.0,
              0.9877880776431432,
              1.0
            ],
            "tpr": [
              0.0,
              0.9978194062005108,
              1.0
            ]
          },
          "tpr_at_fpr": {
            "0.01": 0.0,
            "0.05": 0.0,
            "0.1": 0.0
          }
        },
        {
          "accepted_events": 49002998,
          "auc": 0.5007722395507151,
          "compression_ratio": 1.0012394547778485,
          "ekr": 0.998765230178833,
          "esr": 0.9995343196701431,
          "ratio": 1.0,
          "roc_points": {
            "fpr": [
              0.0,
              0.9979898405687129,
              1.0
            ],
            "tpr": [
              0.0,
              0.9995343196701431,
              1.0
            ]
          },
          "tpr_at_fpr": {
            "0.01": 0.0,
            "0.05": 0.0,
            "0.1": 0.0
          }
        },
        {
          "accepted_events": 73584175,
          "auc": 0.5000602379594457,
          "compression_ratio": 1.0001549789747592,
          "ekr": 0.9998476505279541,
          "esr": 0.9999253623350869,
          "ratio": 2.0,
          "roc_points": {
            "fpr": [
              0.0,
              0.9998048864161956,
              1.0
            ],
            "tpr": [
              0.0,
              0.9999253623350869,
              1.0
            ]
          },
          "tpr_at_fpr": {
            "0.01": 0.0,
            "0.05": 0.0,
            "0.1": 0.0
          }
        },
        {
          "accepted_events": 147188872,
          "auc": 0.4999997350353835,
          "compression_ratio": 1.0000154563315085,
          "ekr": 0.9999850392341614,
          "esr": 0.9999841022996635,
          "ratio": 5.0,
          "roc_points": {
            "fpr": [
              0.0,
              0.9999846322288966,
              1.0
            ],
            "tpr": [
              0.0,
              0.9999841022996635,
              1.0
            ]
          },
          "tpr_at_fpr": {
            "0.01": 0.0,
            "0.05": 0.0,
            "0.1": 0.0
          }
        },
        {
          "accepted_events": 269848212,
          "auc": 0.49999812692425954,
          "compression_ratio": 1.000008048969396,
          "ekr": 0.9999921321868896,
          "esr": 0.9999885455030909,
          "ratio": 10.0,
          "roc_points": {
            "fpr": [
              0.0,
              0.9999922916545718,
              1.0
            ],
            "tpr": [
              0.0,
              0.9999885455030909,
              1.0
            ]
          },
          "tpr_at_fpr": {
            "0.01": 0.0,
            "0.05": 0.0,
            "0.1": 0.0
          }
        }
      ]
    },
    "shot": {
      "mean_auc": 0.5029759137721962,
      "mean_ekr": 0.996566116809845,
      "mean_esr": 0.9987818448262157,
      "ratios": [
        {
          "accepted_events": 36347536,
          "auc": 0.5117090015994722,
          "compression_ratio": 1.012387579724799,
          "ekr": 0.9877663850784302,
          "esr": 0.9955700038928984,
          "ratio": 0.5,
          "roc_points": {
            "fpr": [
              0.0,
              0.9721520006939539,
              1.0
            ],
            "tpr": [
              0.0,
              0.9955700038928984,
              1.0
            ]
          },
          "tpr_at_fpr": {
            "0.01": 0.0,
            "0.05": 0.0,
            "0.1": 0.0
          }
        },
        {
          "accepted_events": 48857967,
          "auc": 0.5028297246477089,
          "compression_ratio": 1.0042115342212254,
          "ekr": 0.9958097338676453,
          "esr": 0.9986358550211256,
          "ratio": 1.0,
          "roc_points": {
            "fpr": [
              0.0,
              0.9929764057257078,
              1.0
            ],
            "tpr": [
              0.0,
              0.9986358550211256,
              1.0
            ]
          },
          "tpr_at_fpr": {
            "0.01": 0.0,
            "0.05": 0.0,