{
  "base_seed": 2027,
  "mean_auc": 0.411828812154524,
  "mean_ekr": 0.6929438372453053,
  "mean_esr": 0.5796729639224111,
  "noise_ratios": [
    0.5,
    1.0,
    2.0,
    5.0,
    10.0
  ],
  "sources": {
    "ba": {
      "mean_auc": 0.3076545344619818,
      "mean_ekr": 0.8238449811935424,
      "mean_esr": 0.5766698638708455,
      "ratios": [
        {
          "accepted_events": 26679859,
          "auc": 0.3019913278536207,
          "compression_ratio": 1.3792343880078226,
          "ekr": 0.7250398993492126,
          "esr": 0.5930341168725555,
          "ratio": 0.5,
          "roc_points": {
            "fpr": [
              0.0,
              0.9890514611653141,
              1.0
            ],
            "tpr": [
              0.0,
              0.5930341168725555,
              1.0
            ]
          },
          "tpr_at_fpr": {
            "0.01": 0.0,
            "0.05": 0.0,
            "0.1": 0.0
          }
        },
        {
          "accepted_events": 38635650,
          "auc": 0.30290618114818085,
          "compression_ratio": 1.2699074559377155,
          "ekr": 0.7874577045440674,
          "esr": 0.5903651375660621,
          "ratio": 1.0,
          "roc_points": {
            "fpr": [
              0.0,
              0.9845527752697004,
              1.0
            ],
            "tpr": [
              0.0,
              0.5903651375660621,
              1.0
            ]
          },
          "tpr_at_fpr": {
            "0.01": 0.0,
            "0.05": 0.0,
            "0.1": 0.0
          }
        },
        {
          "accepted_events": 62223800,
          "auc": 0.30473827901279354,
          "compression_ratio": 1.1827556336964313,
          "ekr": 0.8454833030700684,
          "esr": 0.5851342234686744,
          "ratio": 2.0,
          "roc_points": {
            "fpr": [
              0.0,
              0.9756576654430873,
              1.0
            ],
            "tpr": [
              0.0,
              0.5851342234686744,
              1.0
            ]
          },
          "tpr_at_fpr": {
            "0.01": 0.0,
            "0.05": 0.0,
            "0.1": 0.0
          }
        },
        {
          "accepted_events": 130445984,
          "auc": 0.3100624371989883,
          "compression_ratio": 1.1283681987480734,
          "ekr": 0.8862370848655701,
          "esr": 0.5696729353880772,
          "ratio": 5.0,
          "roc_points": {
            "fpr": [
              0.0,
              0.9495480609901006,
              1.0
            ],
            "tpr": [
              0.0,
              0.5696729353880772,
              1.0
            ]
          },
          "tpr_at_fpr": {
            "0.01": 0.0,
            "0.05": 0.0,
            "0.1": 0.0
          }
        },
        {
          "accepted_events": 236121093,
          "auc": 0.3185744470963258,
          "compression_ratio": 1.1428472847192859,
          "ekr": 0.875006914138794,
          "esr": 0.5451429060588582,
          "ratio": 10.0,
          "roc_points": {
            "fpr": [
              0.0,
              0.9079940118662065,
              1.0
            ],
            "tpr": [
              0.0,
              0.5451429060588582,
              1.0
            ]
          },
          "tpr_at_fpr": {
            "0.01": 0.0,
            "0.05": 0.0,
            "0.1": 0.0
          }
        }
      ]
    },
    "mixed": {
      "mean_auc": 0.37929221053966294,
      "mean_ekr": 0.733980655670166,
      "mean_esr": 0.5787144548821226,
      "ratios": [
        {
          "accepted_events": 24871691,
          "auc": 0.37611011001693195,
          "compression_ratio": 1.479505916988113,
          "ekr": 0.675901472568512,
          "esr": 0.5933078834250168,
          "ratio": 0.5,
          "roc_points": {
            "fpr": [
              0.0,
              0.8410876633911529,
              1.0
            ],
            "tpr": [
              0.0,
              0.5933078834250168,
              1.0
            ]
          },
          "tpr_at_fpr": {
            "0.01": 0.0,
            "0.05": 0.0,
            "0.1": 0.0
          }
        },
        {
          "accepted_events": 35048654,
          "auc": 0.376615569569439,
          "compression_ratio": 1.3998750137451783,
          "ekr": 0.7143493890762329,
          "esr": 0.5909649700287586,
          "ratio": 1.0,
          "roc_points": {
            "fpr": [
              0.0,
              0.8377338308898806,
              1.0
            ],
            "tpr": [
              0.0,
              0.5909649700287586,
              1.0
            ]
          },
          "tpr_at_fpr": {
            "0.01": 0.0,
            "0.05": 0.0,
            "0.1": 0.0
          }
        },
        {
          "accepted_events": 55155399,
          "auc": 0.37765340872272407,
          "compression_ratio": 1.3343313679953617,
          "ekr": 0.7494395971298218,
          "esr": 0.5863102048968993,
          "ratio": 2.0,
          "roc_points": {
            "fpr": [
              0.0,
              0.8310033874514512,
              1.0
            ],
            "tpr": [
              0.0,
              0.5863102048968993,
              1.0
            ]
          },
          "tpr_at_fpr": {
            "0.01": 0.0,
            "0.05": 0.0,
            "0.1": 0.0
          }
        },
        {
          "accepted_events": 113550017,
          "auc": 0.3806391736780806,
          "compression_ratio": 1.2962670626460584,
          "ekr": 0.7714474201202393,
          "esr": 0.5725112455848214,
          "ratio": 5.0,
          "roc_points": {
            "fpr": [
              0.0,
              0.8112328982286602,
              1.0
            ],
            "tpr": [
              0.0,
              0.5725112455848214,
              1.0
            ]
          },
          "tpr_at_fpr": {
            "0.01": 0.0,
            "0.05": 0.0,
            "0.1": 0.0
          }
        },
        {
          "accepted_events": 204752705,
          "auc": 0.38544279071113924,
          "compression_ratio": 1.3179331818839708,
          "ekr": 0.7587653994560242,
          "esr": 0.550477970475117,
          "ratio": 10.0,
          "roc_points": {
            "fpr": [
              0.0,
              0.7795923890528386,
              1.0
            ],
            "tpr": [
              0.0,
              0.550477970475117,
              1.0
            ]
          },
          "tpr_at_fpr": {
            "0.01": 0.0,
            "0.05": 0.0,
            "0.1": 0.0
          }
        }
      ]
    },
    "shot": {
      "mean_auc": 0.5485396914619273,
      "mean_ekr": 0.5210058748722076,
      "mean_esr": 0.5836345730142651,
      "ratios": [
        {
          "accepted_events": 20648419,
          "auc": 0.5493552427222343,
          "compression_ratio": 1.782111937964839,
          "ekr": 0.56113201379776,
          "esr": 0.5940355089404182,
          "ratio": 0.5,
          "roc_points": {
            "fpr": [
              0.0,
              0.4953250234959494,
              1.0
            ],
            "tpr": [
              0.0,
              0.5940355089404182,
              1.0
            ]
          },
          "tpr_at_fpr": {
            "0.01": 0.0,
            "0.05": 0.0,
            "0.1": 0.0
          }
        },
        {
          "accepted_events": 26648783,
          "auc": 0.5492053349827302,
          "compression_ratio": 1.8411247523010712,
          "ekr": 0.5431455373764038,
          "esr": 0.5923516163681092,
          "ratio": 1.0,
          "roc_points": {
            "fpr": [
              0.0,
              0.4939409464026489,
              1.0
            ],
            "tpr": [
              0.0,
              0.5923516163681092,
              1.0
            ]
          },
          "tpr_at_fpr": {
            "0.01": 0.0,
            "0.05": 0.0,