{
  "base_seed": 2027,
  "noise_ratios": [
    0.5,
    1.0,
    2.0,
    5.0,
    10.0
  ],
  "sources": {
    "ba": {
      "mean_auc": 0.7034256738007889,
      "mean_ekr": 0.649051034450531,
      "ratios": [
        {
          "accepted_events": 3780792,
          "auc": 0.8084341020071641,
          "compression_ratio": 1.655011701252013,
          "ekr": 0.6042253375053406,
          "ratio": 0.5,
          "roc_points": {
            "fpr": [
              0.0,
              0.19298058884080088,
              1.0
            ],
            "tpr": [
              0.0,
              0.8098487928551292,
              1.0
            ]
          },
          "tpr_at_fpr": {
            "0.01": 0.0,
            "0.05": 0.0,
            "0.1": 0.0
          }
        },
        {
          "accepted_events": 4559211,
          "auc": 0.7806672953779652,
          "compression_ratio": 1.8299201331107509,
          "ekr": 0.5464719533920288,
          "ratio": 1.0,
          "roc_points": {
            "fpr": [
              0.0,
              0.2658046417879821,
              1.0
            ],
            "tpr": [
              0.0,
              0.8271392325439123,
              1.0
            ]
          },
          "tpr_at_fpr": {
            "0.01": 0.0,
            "0.05": 0.0,
            "0.1": 0.0
          }
        },
        {
          "accepted_events": 6838834,
          "auc": 0.7329291458028487,
          "compression_ratio": 1.8299154504993103,
          "ekr": 0.5464733242988586,
          "ratio": 2.0,
          "roc_points": {
            "fpr": [
              0.0,
              0.3911872383432706,
              1.0
            ],
            "tpr": [
              0.0,
              0.857045529948968,
              1.0
            ]
          },
          "tpr_at_fpr": {
            "0.01": 0.0,
            "0.05": 0.0,
            "0.1": 0.0
          }
        },
        {
          "accepted_events": 17289024,
          "auc": 0.6359940894106095,
          "compression_ratio": 1.4476801003920174,
          "ekr": 0.6907600164413452,
          "ratio": 5.0,
          "roc_points": {
            "fpr": [
              0.0,
              0.645428977997342,
              1.0
            ],
            "tpr": [
              0.0,
              0.9174171568185611,
              1.0
            ]
          },
          "tpr_at_fpr": {
            "0.01": 0.0,
            "0.05": 0.0,
            "0.1": 0.0
          }
        },
        {
          "accepted_events": 39339437,
          "auc": 0.5591037364053568,
          "compression_ratio": 1.1664238102848294,
          "ekr": 0.8573245406150818,
          "ratio": 10.0,
          "roc_points": {
            "fpr": [
              0.0,
              0.8465751854970015,
              1.0
            ],
            "tpr": [
              0.0,
              0.964782658307715,
              1.0
            ]
          },
          "tpr_at_fpr": {
            "0.01": 0.0,
            "0.05": 0.0,
            "0.1": 0.0
          }
        }
      ]
    },
    "mixed": {
      "mean_auc": 0.7123864957301059,
      "mean_ekr": 0.6302861094474792,
      "ratios": [
        {
          "accepted_events": 3754364,
          "auc": 0.8116063343789457,
          "compression_ratio": 1.6667968263066661,
          "ekr": 0.5999531745910645,
          "ratio": 0.5,
          "roc_points": {
            "fpr": [
              0.0,
              0.18451242554880345,
              1.0
            ],
            "tpr": [
              0.0,
              0.8077250943066948,
              1.0
            ]
          },
          "tpr_at_fpr": {
            "0.01": 0.0,
            "0.05": 0.0,
            "0.1": 0.0
          }
        },
        {
          "accepted_events": 4478734,
          "auc": 0.7868108946554431,
          "compression_ratio": 1.8629184050671461,
          "ekr": 0.5367921590805054,
          "ratio": 1.0,
          "roc_points": {
            "fpr": [
              0.0,
              0.249999280923869,
              1.0
            ],
            "tpr": [
              0.0,
              0.8236210702347551,
              1.0
            ]
          },
          "tpr_at_fpr": {
            "0.01": 0.0,
            "0.05": 0.0,
            "0.1": 0.0
          }
        },
        {
          "accepted_events": 6593765,
          "auc": 0.7428984992314255,
          "compression_ratio": 1.8980033410350536,
          "ekr": 0.5268694758415222,
          "ratio": 2.0,
          "roc_points": {
            "fpr": [
              0.0,
              0.3649435991548862,
              1.0
            ],
            "tpr": [
              0.0,
              0.8507405976177371,
              1.0
            ]
          },
          "tpr_at_fpr": {
            "0.01": 0.0,
            "0.05": 0.0,
            "0.1": 0.0
          }
        },
        {
          "accepted_events": 16487860,
          "auc": 0.6498996868774427,
          "compression_ratio": 1.5180677177026005,
          "ekr": 0.6587321162223816,
          "ratio": 5.0,
          "roc_points": {
            "fpr": [
              0.0,
              0.6087670014735697,
              1.0
            ],
            "tpr": [
              0.0,
              0.9085663752284552,
              1.0
            ]
          },
          "tpr_at_fpr": {
            "0.01": 0.0,
            "0.05": 0.0,
            "0.1": 0.0
          }
        },
        {
          "accepted_events": 38044139,
          "auc": 0.5707170635072726,
          "compression_ratio": 1.206150203583264,
          "ekr": 0.8290836215019226,
          "ratio": 10.0,
          "roc_points": {
            "fpr": [
              0.0,
              0.8162266258664356,
              1.0
            ],
            "tpr": [
              0.0,
              0.9576607528809808,
              1.0
            ]
          },
          "tpr_at_fpr": {
            "0.01": 0.0,
            "0.05": 0.0,
            "0.1": 0.0
          }
        }
      ]
    },
    "shot": {
      "mean_auc": 0.7372362669525627,
      "mean_ekr": 0.5772470653057098,
      "ratios": [
        {
          "accepted_events": 3691422,
          "auc": 0.8194493651899212,
          "compression_ratio": 1.6951532498858164,
          "ekr": 0.5899171829223633,
          "ratio": 0.5,
          "roc_points": {
            "fpr": [
              0.0,
              0.1640038733862888,
              1.0
            ],
            "tpr": [
              0.0,
              0.8029026037661309,
              1.0
            ]
          },
          "tpr_at_fpr": {
            "0.01": 0.0,
            "0.05": 0.0,
            "0.1": 0.0
          }
        },
        {
          "accepted_events": 4284820,
          "auc": 0.800875539686651,
          "compression_ratio": 1.9472187863200787,
          "ekr": 0.5135529637336731,
          "ratio": 1.0,
          "roc_points": {
            "fpr": [
              0.0,
              0.21269510492125332,
              1.0
            ],
            "tpr": [
              0.0,
              0.8144461842945553,
              1.0
            ]
          },
          "tpr_at_fpr": {
            "0.01": 0.0,
            "0.05": 0.0,
            "0.1": 0.0
          }
        },
        {
          "accepted_events": 5987719,
          "auc": 0.767510085110953,
          "compression_ratio": 2.0900259347507792,
          "ekr": 0.47846296429634094,
          "ratio": 2.0,
          "roc_points": {
            "fpr": [
              0.0,
              0.30012290554755416,
              1.0
            ],