{
  "dataset": "nmnist",
  "method": "ba_snn",
  "selected": {
    "candidate_index": 1,
    "filter_params": {
      "delta_t_us": 2000
    },
    "mean_auc": 0.7221014751594922,
    "mean_ekr": 0.5991066032409668
  },
  "stage_b_results": [],
  "top_candidates": [
    {
      "candidate_index": 1,
      "filter_params": {
        "delta_t_us": 2000
      },
      "mean_auc": 0.7221014751594922,
      "mean_ekr": 0.5991066032409668
    },
    {
      "candidate_index": 0,
      "filter_params": {
        "delta_t_us": 1000
      },
      "mean_auc": 0.6956392253972951,
      "mean_ekr": 0.4305744727085034
    },
    {
      "candidate_index": 2,
      "filter_params": {
        "delta_t_us": 5000
      },
      "mean_auc": 0.6756972795814344,
      "mean_ekr": 0.7729539158562819
    }
  ]
}