{
  "base_seed": 2027,
  "mean_auc": 0.4999784863684593,
  "mean_ekr": 5.6701570247241766e-05,
  "mean_esr": 3.832025170000088e-05,
  "noise_ratios": [
    0.5,
    1.0,
    2.0,
    5.0,
    10.0
  ],
  "sources": {
    "ba": {
      "mean_auc": 0.49997132380740206,
      "mean_ekr": 5.966158332739724e-05,
      "mean_esr": 3.443686472891364e-05,
      "ratios": [
        {
          "accepted_events": 4002,
          "auc": 0.49992318150915305,
          "compression_ratio": 9194.847326336832,
          "ekr": 0.00010875656153075397,
          "esr": 5.821004123211254e-05,
          "ratio": 0.5,
          "roc_points": {
            "fpr": [
              0.0,
              8.152664180593252e-08,
              2.527325895983908e-06,
              0.00021229537526264828,
              1.0
            ],
            "tpr": [
              0.0,
              4.076333419615724e-08,
              4.891600103538869e-07,
              5.865843790827027e-05,
              1.0
            ]
          },
          "tpr_at_fpr": {
            "0.01": 5.865843790827027e-05,
            "0.05": 5.865843790827027e-05,
            "0.1": 5.865843790827027e-05
          }
        },
        {
          "accepted_events": 4345,
          "auc": 0.49995730039032865,
          "compression_ratio": 11291.99079401611,
          "ekr": 8.855834312271327e-05,
          "esr": 4.6429437649423096e-05,
          "ratio": 1.0,
          "roc_points": {
            "fpr": [
              0.0,
              8.152666839231448e-08,
              1.4267166968655034e-06,
              0.0001320324394613533,
              1.0
            ],
            "tpr": [
              0.0,
              4.076333419615724e-08,
              2.4458000517694344e-07,
              4.663325432040388e-05,
              1.0
            ]
          },
          "tpr_at_fpr": {
            "0.01": 4.663325432040388e-05,
            "0.05": 4.663325432040388e-05,
            "0.1": 4.663325432040388e-05
          }
        },
        {
          "accepted_events": 4286,
          "auc": 0.49998142210397295,
          "compression_ratio": 17171.15025664956,
          "ekr": 5.823721585329622e-05,
          "esr": 3.371127738022204e-05,
          "ratio": 2.0,
          "roc_points": {
            "fpr": [
              0.0,
              6.114500129423586e-08,
              4.6877834325580826e-07,
              7.090781983421552e-05,
              1.0
            ],
            "tpr": [
              0.0,
              0.0,
              4.076333419615724e-08,
              3.37520407144182e-05,
              1.0
            ]
          },
          "tpr_at_fpr": {
            "0.01": 3.37520407144182e-05,
            "0.05": 3.37520407144182e-05,
            "0.1": 3.37520407144182e-05
          }
        },
        {
          "accepted_events": 4076,
          "auc": 0.4999955567964071,
          "compression_ratio": 36111.65358194308,
          "ekr": 2.7691890863934532e-05,
          "esr": 2.0300140429686307e-05,
          "ratio": 5.0,
          "roc_points": {
            "fpr": [
              0.0,
              1.6305333678462895e-08,
              2.9186547284448583e-05,
              1.0
            ],
            "tpr": [
              0.0,
              0.0,
              2.0300140429686307e-05,
              1.0
            ]
          },
          "tpr_at_fpr": {
            "0.01": 2.0300140429686307e-05,
            "0.05": 2.0300140429686307e-05,
            "0.1": 2.0300140429686307e-05
          }
        },
        {
          "accepted_events": 4065,
          "auc": 0.49999915823714886,
          "compression_ratio": 66383.84993849939,
          "ekr": 1.5063905266288202e-05,
          "esr": 1.3533426953124204e-05,
          "ratio": 10.0,
          "roc_points": {
            "fpr": [
              0.0,
              1.5216952655425498e-05,
              1.0
            ],
            "tpr": [
              0.0,
              1.3533426953124204e-05,
              1.0
            ]
          },
          "tpr_at_fpr": {
            "0.01": 1.3533426953124204e-05,
            "0.05": 1.3533426953124204e-05,
            "0.1": 1.3533426953124204e-05
          }
        }
      ]
    },
    "mixed": {
      "mean_auc": 0.49997604019956887,
      "mean_ekr": 5.754197572969133e-05,
      "mean_esr": 3.675222211125537e-05,
      "ratios": [
        {
          "accepted_events": 3756,
          "auc": 0.4999353292340854,
          "compression_ratio": 9797.075079872204,
          "ekr": 0.00010207128070760518,
          "esr": 5.9636757928978046e-05,
          "ratio": 0.5,
          "roc_points": {
            "fpr": [
              0.0,
              8.152640917582996e-08,
              2.527318684450729e-06,
              0.000189385848515453,
              1.0
            ],
            "tpr": [
              0.0,
              0.0,
              4.076333419615724e-07,
              6.0044391270939615e-05,
              1.0
            ]
          },
          "tpr_at_fpr": {
            "0.01": 6.0044391270939615e-05,
            "0.05": 6.0044391270939615e-05,
            "0.1": 6.0044391270939615e-05
          }
        },
        {
          "accepted_events": 4173,
          "auc": 0.499963455742987,
          "compression_ratio": 11757.425113826983,
          "ekr": 8.50526339490898e-05,
          "esr": 4.8997527703781e-05,
          "ratio": 1.0,
          "roc_points": {
            "fpr": [
              0.0,
              1.630531041540428e-07,
              1.4267146613478745e-06,
              0.0001223713546676091,
              1.0
            ],
            "tpr": [
              0.0,
              4.076333419615724e-08,
              3.261066735692579e-07,
              4.92828710431541e-05,
              1.0
            ]
          },
          "tpr_at_fpr": {
            "0.01": 4.92828710431541e-05,
            "0.05": 4.92828710431541e-05,
            "0.1": 4.92828710431541e-05
          }
        },
        {
          "accepted_events": 4248,
          "auc": 0.499984010599629,
          "compression_ratio": 17324.759651600754,
          "ekr": 5.772085933131166e-05,
          "esr": 3.652394743975689e-05,
          "ratio": 2.0,
          "roc_points": {
            "fpr": [
              0.0,
              4.076331010225497e-08,
              3.0572482576691225e-07,
              6.858426924704398e-05,
              1.0
            ],
            "tpr": [
              0.0,
              0.0,
              8.152666839231448e-08,
              3.66054741081492e-05,
              1.0
            ]
          },
          "tpr_at_fpr": {
            "0.01": 3.66054741081492e-05,
            "0.05": 3.66054741081492e-05,
            "0.1": 3.66054741081492e-05
          }
        },
        {
          "accepted_events": 4085,
          "auc": 0.4999969509089251,
          "compression_ratio": 36032.10452876377,
          "ekr": 2.7753027097787708e-05,
          "esr": 2.2664413813063424e-05,
          "ratio": 5.0,
          "roc_points": {
            "fpr": [
              0.0,
              0.0,
              3.261065486132698e-08,
              2.8803360906267056e-05,
              1.0
            ],
            "tpr": [
              0.0,
              4.076333419615724e-08,
              8.152666839231448e-08,
              2.2705177147259583e-05,
              1.0
            ]
          },
          "tpr_at_fpr": {
            "0.01": 2.2705177147259583e-05,
            "0.05": 2.2705177147259583e-05,
            "0.1": 2.2705177147259583e-05
          }
        },
        {
          "accepted_events": 4078,
          "auc": 0.5000004545122178,
          "compression_ratio": 66172.23737126042,
          "ekr": 1.5112077562662307e-05,
          "esr": 1.593846367069748e-05,
          "ratio": 10.0,
          "roc_points": {
            "fpr": [
              0.0,
              1.502943923511299e-05,
              1.0
            ],