{
  "dataset": "nmnist",
  "elapsed_sec": 782.05,
  "event_metrics_summary": {
    "mean_auc": 0.6277067979059101,
    "mean_ekr": 0.18250260228912038,
    "mean_esr": 0.32862443371559436
  },
  "grid_preset": "fast",
  "method": "proposed_pol",
  "run_timestamp": "20260522_132414_362184",
  "selected": {
    "end_to_end_latency_sec": null,
    "filter_params": {
      "alpha": 0.01,
      "delta_t_us": 5000,
      "eps_us": 1,
      "gamma": 0,
      "k0": 1,
      "k_high": 2,
      "r_max_hz": 20000.0,
      "t_recover_us": 1000000,
      "tau_pair_us": 1000,
      "tau_ref_dig_us": 500,
      "u_hot": 32,
      "warmup_us": 5000
    },
    "mean_auc": 0.6193170365222578,
    "mean_ekr": 0.16039089936142167,
    "mean_esr": 0.29681557107757334,
    "rank": 0,
    "test_accuracy": null,
    "val_accuracy": 0.1669921875
  },
  "stage_b_lightweight": true,
  "stage_b_results": [
    {
      "end_to_end_latency_sec": null,
      "filter_params": {
        "alpha": 0.01,
        "delta_t_us": 5000,
        "eps_us": 1,
        "gamma": 0,
        "k0": 1,
        "k_high": 2,
        "r_max_hz": 20000.0,
        "t_recover_us": 1000000,
        "tau_pair_us": 1000,
        "tau_ref_dig_us": 500,
        "u_hot": 32,
        "warmup_us": 5000
      },
      "mean_auc": 0.6193170365222578,
      "mean_ekr": 0.16039089936142167,
      "mean_esr": 0.29681557107757334,
      "rank": 0,
      "test_accuracy": null,
      "val_accuracy": 0.1669921875
    },
    {
      "end_to_end_latency_sec": null,
      "filter_params": {
        "alpha": 0.01,
        "delta_t_us": 5000,
        "eps_us": 1,
        "gamma": 0,
        "k0": 1,
        "k_high": 3,
        "r_max_hz": 20000.0,
        "t_recover_us": 1000000,
        "tau_pair_us": 1000,
        "tau_ref_dig_us": 500,
        "u_hot": 32,
        "warmup_us": 5000
      },
      "mean_auc": 0.6193170365222578,
      "mean_ekr": 0.16039089936142167,
      "mean_esr": 0.29681557107757334,
      "rank": 1,
      "test_accuracy": null,
      "val_accuracy": 0.146484375
    },
    {
      "end_to_end_latency_sec": null,
      "filter_params": {
        "alpha": 0.01,
        "delta_t_us": 5000,
        "eps_us": 1,
        "gamma": 1,
        "k0": 1,
        "k_high": 2,
        "r_max_hz": 20000.0,
        "t_recover_us": 1000000,
        "tau_pair_us": 1000,
        "tau_ref_dig_us": 500,
        "u_hot": 32,
        "warmup_us": 5000
      },
      "mean_auc": 0.6086188859421436,
      "mean_ekr": 0.13921459622943075,
      "mean_esr": 0.2700281390955229,
      "rank": 2,
      "test_accuracy": null,
      "val_accuracy": 0.1484375
    }
  ],
  "stage_b_skipped": false,
  "top_candidates": [
    {
      "candidate_index": 16,
      "filter_params": {
        "alpha": 0.01,
        "delta_t_us": 5000,
        "eps_us": 1,
        "gamma": 0,
        "k0": 1,
        "k_high": 2,
        "r_max_hz": 20000.0,
        "t_recover_us": 1000000,
        "tau_pair_us": 1000,
        "tau_ref_dig_us": 500,
        "u_hot": 32,
        "warmup_us": 5000
      },
      "mean_auc": 0.6193170365222578,
      "mean_ekr": 0.16039089936142167,
      "mean_esr": 0.29681557107757334
    },
    {
      "candidate_index": 17,
      "filter_params": {
        "alpha": 0.01,
        "delta_t_us": 5000,
        "eps_us": 1,
        "gamma": 0,
        "k0": 1,
        "k_high": 3,
        "r_max_hz": 20000.0,
        "t_recover_us": 1000000,
        "tau_pair_us": 1000,
        "tau_ref_dig_us": 500,
        "u_hot": 32,
        "warmup_us": 5000
      },
      "mean_auc": 0.6193170365222578,
      "mean_ekr": 0.16039089936142167,
      "mean_esr": 0.29681557107757334
    },
    {
      "candidate_index": 18,
      "filter_params": {
        "alpha": 0.01,
        "delta_t_us": 5000,
        "eps_us": 1,
        "gamma": 1,
        "k0": 1,
        "k_high": 2,
        "r_max_hz": 20000.0,
        "t_recover_us": 1000000,
        "tau_pair_us": 1000,
        "tau_ref_dig_us": 500,
        "u_hot": 32,
        "warmup_us": 5000
      },
      "mean_auc": 0.6086188859421436,
      "mean_ekr": 0.13921459622943075,
      "mean_esr": 0.2700281390955229
    }
  ]
}