{
  "base_seed": 2027,
  "mean_auc": 0.5366793288356448,
  "mean_ekr": 0.034334780462086205,
  "mean_esr": 0.07928027713632142,
  "noise_ratios": [
    0.5,
    1.0,
    2.0,
    5.0,
    10.0
  ],
  "sources": {
    "ba": {
      "mean_auc": 0.5360834103278032,
      "mean_ekr": 0.03619333021342754,
      "mean_esr": 0.08011264539771766,
      "ratios": [
        {
          "accepted_events": 2144485,
          "auc": 0.5412253836964314,
          "compression_ratio": 17.159261547644306,
          "ekr": 0.058277565985918045,
          "esr": 0.08571391884427795,
          "ratio": 0.5,
          "roc_points": {
            "fpr": [
              0.0,
              9.212510524070375e-06,
              3.733920194711709e-05,
              0.00012457270867946487,
              0.0003137145176692283,
              0.0006678662496741992,
              0.0012063497188023835,
              0.0018200007516756375,
              0.002657850049515206,
              0.0034048786683829654,
              1.0
            ],
            "tpr": [
              0.0,
              0.000700477134826766,
              0.0028810301709818052,
              0.008182790943202409,
              0.02088546114540893,
              0.04236680071009728,
              0.062465651795522964,
              0.07641967483088312,
              0.08509480532450671,
              0.08571391884427795,
              1.0
            ]
          },
          "tpr_at_fpr": {
            "0.01": 0.08571391884427795,
            "0.05": 0.08571391884427795,
            "0.1": 0.08571391884427795
          }
        },
        {
          "accepted_events": 2273548,
          "auc": 0.5428330860201848,
          "compression_ratio": 21.580234945556462,
          "ekr": 0.046338699758052826,
          "esr": 0.0890951558891808,
          "ratio": 1.0,
          "roc_points": {
            "fpr": [
              0.0,
              9.416330199312323e-06,
              4.1986234222041956e-05,
              0.000131950912792961,
              0.0003363382704524934,
              0.0007098527016918822,
              0.0012676174034979017,
              0.001933404940923738,
              0.0028596294205288225,
              0.0035822410458241022,
              1.0
            ],
            "tpr": [
              0.0,
              0.0007115239983939246,
              0.002955627072560773,
              0.00852997226055108,
              0.021814009135063192,
              0.04402611299188606,
              0.06481145938850923,
              0.07936054557646488,
              0.08847657229275412,
              0.0890951558891808,
              1.0
            ]
          },
          "tpr_at_fpr": {
            "0.01": 0.0890951558891808,
            "0.05": 0.0890951558891808,
            "0.1": 0.0890951558891808
          }
        },
        {
          "accepted_events": 2300495,
          "auc": 0.5414297331496863,
          "compression_ratio": 31.991180159052725,
          "ekr": 0.03125861659646034,
          "esr": 0.0863944219453486,
          "ratio": 2.0,
          "roc_points": {
            "fpr": [
              0.0,
              1.0231596883235467e-05,
              4.414669093443829e-05,
              0.00013460052951571122,
              0.00034088338221536493,
              0.0007137659817747133,
              0.0012750159486545043,
              0.001960614466499673,
              0.002964921112757497,
              0.0036907122781200765,
              1.0
            ],
            "tpr": [
              0.0,
              0.0007160079651555019,
              0.0029585212692887003,
              0.008561482317884709,
              0.021624541157719456,
              0.04288286452102063,
              0.06273367071786269,
              0.07678829766201897,
              0.08577689819561102,
              0.0863944219453486,
              1.0
            ]
          },
          "tpr_at_fpr": {
            "0.01": 0.0863944219453486,
            "0.05": 0.0863944219453486,
            "0.1": 0.0863944219453486
          }
        },
        {
          "accepted_events": 2028177,
          "auc": 0.530554653398569,
          "compression_ratio": 72.57310382673701,
          "ekr": 0.013779209926724434,
          "esr": 0.06460152821739902,
          "ratio": 5.0,
          "roc_points": {
            "fpr": [
              0.0,
              7.639048828359868e-06,
              3.465698673357288e-05,
              0.00010922127764518372,
              0.0002754133911629168,
              0.0005802252989481021,
              0.0010618196344751823,
              0.0017581307565471011,
              0.002892321614554141,
              0.0036147457285121178,
              1.0
            ],
            "tpr": [
              0.0,
              0.0005148816742316621,
              0.0022138159168591034,
              0.006538601858400406,
              0.01602651247256118,
              0.030880386110301507,
              0.04546391731565291,
              0.056471974188656786,
              0.06398657255771578,
              0.06460152821739902,
              1.0
            ]
          },
          "tpr_at_fpr": {
            "0.01": 0.06460152821739902,
            "0.05": 0.06460152821739902,
            "0.1": 0.06460152821739902
          }
        },
        {
          "accepted_events": 8449705,
          "auc": 0.5243741953741446,
          "compression_ratio": 31.93606759052535,
          "ekr": 0.03131255879998207,
          "esr": 0.07475820209238195,
          "ratio": 10.0,
          "roc_points": {
            "fpr": [
              0.0,
              1.6933089025083717e-05,
              7.90156470058312e-05,
              0.0003016242150510459,
              0.0010682113252771398,
              0.003298026850808235,
              0.008286794514070484,
              0.016482193556539765,
              0.02625457925105526,
              0.026967994668155887,
              1.0
            ],
            "tpr": [
              0.0,
              0.0008859503054192815,
              0.0034103828288531033,
              0.009135633880037583,
              0.01984501780338621,
              0.03485962126786198,
              0.05069629889307166,
              0.06421712997592925,
              0.07414997238284109,
              0.07475820209238195,
              1.0
            ]
          },
          "tpr_at_fpr": {
            "0.01": 0.05069629889307166,
            "0.05": 0.07475820209238195,
            "0.1": 0.07475820209238195
          }
        }
      ]
    },
    "mixed": {
      "mean_auc": 0.5362662968609224,
      "mean_ekr": 0.03509887978434563,
      "mean_esr": 0.07921795543344672,
      "ratios": [
        {
          "accepted_events": 2243332,
          "auc": 0.543333799540644,
          "compression_ratio": 16.40319578198858,
          "ekr": 0.06096373125910759,
          "esr": 0.08980610920089598,
          "ratio": 0.5,
          "roc_points": {
            "fpr": [
              0.0,
              9.212484236868786e-06,
              3.774672744840927e-05,
              0.00012082213839858001,
              0.0003058055608185382,
              0.000657347437184717,
              0.0011749586090420614,
              0.001785999045814907,
              0.0026114539387201855,
              0.003279155229870233,
              1.0
            ],
            "tpr": [
              0.0,
              0.0007319871921603956,
              0.0030021380368785884,
              0.008549538660965235,
              0.021879760393121596,
              0.044440879917331956,
              0.06548845684283901,
              0.08010243825883494,
              0.08918675110111957,
              0.08980610920089598,
              1.0
            ]
          },
          "tpr_at_fpr": {
            "0.01": 0.08980610920089598,
            "0.05": 0.08980610920089598,